Piercings,Ear,Anti-tragus
Piercings,Ear,Auricle
Piercings,Ear,Conch,Conch: Inner
Piercings,Ear,Conch,Conch: Outer
Piercings,Ear,Daith
Piercings,Ear,Inudustrial/Scaffold: Standard
Piercings,Ear,Inudustrial/Scaffold: via Rook
Piercings,Ear,Inudustrial/Scaffold: Vertical
Piercings,Ear,Lobe,Orbital: Lobe
Piercings,Ear,Lobe,Transverse: Lobe
Piercings,Ear,Lobe,Vertical: Lobe
Piercings,Ear,Orbital
Piercings,Ear,Pinna: Rear
Piercings,Ear,Pinna: Forward
Piercings,Ear,Helix
Piercings,Ear,Rook
Piercings,Ear,Tragus,Tragus: Standard
Piercings,Ear,Tragus,Tragus: Vertical
Piercings,Ear,Custom
Piercings,Surface,Ankle
Piercings,Surface,Anti-eybrow
Piercings,Surface,Bridge,Bridge: Standard
Piercings,Surface,Bridge,Bridge: Vertical
Piercings,Surface,Brooch
Piercings,Surface,Dermal Anchoring
Piercings,Surface,Earl
Piercings,Surface,Eyebrow,Eyebrow: Horizontal
Piercings,Surface,Eyebrow,Eyebrow: Vertical
Piercings,Surface,Nape
Piercings,Surface,Neck
Piercings,Surface,Tragus,Tragus: Standard
Piercings,Surface,Tragus,Tragus: Vertical
Piercings,Surface,Webbing
Piercings,Surface,Custom
Piercings,Genital,Male Genital,Ampallang
Piercings,Genital,Male Genital,Apadravya
Piercings,Genital,Male Genital,Apadydoe
Piercings,Genital,Male Genital,Dydoe
Piercings,Genital,Male Genital,Fraenulum
Piercings,Genital,Male Genital,Hafada
Piercings,Genital,Male Genital,Kuno
Piercings,Genital,Male Genital,Lorum
Piercings,Genital,Male Genital,Palang
Piercings,Genital,Male Genital,Prince Albert: PA Standard
Piercings,Genital,Male Genital,Prince Albert: PA Reverse
Piercings,Genital,Male Genital,Pubic
Piercings,Genital,Male Genital,Custom
Piercings,Genital,Female Genital,Clitoris
Piercings,Genital,Female Genital,Hood,Hood: Horizontal
Piercings,Genital,Female Genital,Hood,Hood: Vertical
Piercings,Genital,Female Genital,Inner Labia
Piercings,Genital,Female Genital,Outer Labia
Piercings,Genital,Female Genital,Custom
Piercings,Facial,Oral,Ashley
Piercings,Facial,Oral,Cheek
Piercings,Facial,Oral,Fraenum,Fraenum: Lower
Piercings,Facial,Oral,Fraenum,Fraenum: Superior
Piercings,Facial,Oral,Lip,Upper Lip,Frenulum
Piercings,Facial,Oral,Lip,Upper Lip,Horizontal
Piercings,Facial,Oral,Lip,Upper Lip,Jestrum
Piercings,Facial,Oral,Lip,Upper Lip,Madonna/Monroe
Piercings,Facial,Oral,Lip,Upper Lip,Philtrum
Piercings,Facial,Oral,Lip,Lower Lip,Frenulum
Piercings,Facial,Oral,Lip,Lower Lip,Horizontal
Piercings,Facial,Oral,Lip,Lower Lip,Frenulum
Piercings,Facial,Oral,Lip,Lower Lip,Horizontal
Piercings,Facial,Oral,Lip,Lower Lip,Labret,Labret: Standard
Piercings,Facial,Oral,Lip,Lower Lip,Labret,Labret: Vertical
Piercings,Facial,Oral,Lip,Lower Lip,Labret,Lowbret: Standard
Piercings,Facial,Oral,Lip,Lower Lip,Labret,Lowbret: Vertical
Piercings,Facial,Oral,Custom
Piercings,Facial,Nasal,Nostril
Piercings,Facial,Nasal,Septum
Piercings,Facial,Nasal,Custom
Piercings,Facial,Eyebrow,Eyebrow: Horizontal
Piercings,Facial,Eyebrow,Eyebrow: Vertical
Piercings,Facial,Eyebrow,Eyebrow: Custom
Piercings,Torso,Navel
Piercings,Torso,Nipple,Nipple: Male
Piercings,Torso,Nipple,Nipple: Female
Piercings,Torso,Custom
Piercings,Custom
Services,Stretching
Services,Jewelry change
Services,Removal
Services,Miscellaneous
Body Modification,Branding,Strike
Body Modification,Branding,Cautery
Body Modification,Branding,Custom
Body Modification,Implants,Custom
Body Modification,Scarification,Custom
Suspension,Custom