Cosmetic Micropigmentation,Brows,Hair Strokes:Machine
Cosmetic Micropigmentation,Brows,Hair Strokes:Manual 
Cosmetic Micropigmentation,Brows,Powder:Machine
Cosmetic Micropigmentation,Brows,Powder:Machine
Cosmetic Micropigmentation,Brows,Powder:Manual
Cosmetic Micropigmentation,Brows,Hybrid:Machine
Cosmetic Micropigmentation,Brows,Hybrid:Manual 
Cosmetic Micropigmentation,Brows,Correction:Machine
Cosmetic Micropigmentation,Brows,Correction:Manual
Cosmetic Micropigmentation,Brows,Custom
Cosmetic Micropigmentation,Eyes,Liner:Machine
Cosmetic Micropigmentation,Eyes,Liner:Manual
Cosmetic Micropigmentation,Cheeks,Freckles:Machine
Cosmetic Micropigmentation,Cheeks,Freckles:Manual
Cosmetic Micropigmentation,Cheeks,Blush:Machine
Cosmetic Micropigmentation,Cheeks,Blush:Manual
Cosmetic Micropigmentation,Cheeks,Custom
Cosmetic Micropigmentation,Lips,Liner:Machine
Cosmetic Micropigmentation,Lips,Liner:Manual
Cosmetic Micropigmentation,Lips,Full:Machine
Cosmetic Micropigmentation,Lips,Full:Manual 
Cosmetic Micropigmentation,Lips,Custom
Reconstruction,Hairline,Full:Machine
Reconstruction,Hairline,Full:Manual
Reconstruction,Hairline,Partial:Machine
Reconstruction,Hairline,Partial:Manual 
Reconstruction,Areola
Reconstruction,Skin Resurfacing:Machine
Reconstruction,Skin Resurfacing:Manual
Reconstruction,Scar Removal:Machine
Reconstruction,Scar Removal:Manual
Reconstruction,Custom
Lashes,Fill
Lashes,Full Set
