Brand,Family,Color
Alexandra,Brows,African Brown
Alexandra,Brows,Australia
Alexandra,Brows,Blond
Alexandra,Brows,Brownie
Alexandra,Brows,Caramel
Alexandra,Brows,Chocolate
Alexandra,Brows,Coffee
Alexandra,Brows,Cool Dark Brown
Alexandra,Brows,Cool Light Brown
Alexandra,Brows,Ebony
Alexandra,Brows,Haselnut
Alexandra,Brows,Julie Brown
Alexandra,Brows,Mahogany Brown
Alexandra,Brows,Mocha
Alexandra,Brows,Morello
Alexandra,Brows,Safari
Alexandra,Brows,Skin7
Alexandra,Eyeliner,Aquamarine
Alexandra,Eyeliner,Azure
Alexandra,Eyeliner,Dark Grey
Alexandra,Eyeliner,Dark Violet
Alexandra,Eyeliner,Green
Alexandra,Eyeliner,Lavender
Alexandra,Eyeliner,Night Black
Alexandra,Eyeliner,Ocean Blue
Alexandra,Eyeliner,Poison Green
Alexandra,Eyeliner,Silver
Alexandra,Eyeliner,Smaragd
Alexandra,Lips,Candy
Alexandra,Lips,Caribi Red
Alexandra,Lips,Carmine
Alexandra,Lips,Coral
Alexandra,Lips,Burgundy
Alexandra,Lips,Hibiscus
Alexandra,Lips,Lotus
Alexandra,Lips,Mango
Alexandra,Lips,Nikita
Alexandra,Lips,Pink Sugar
Alexandra,Lips,Red Secret
Alexandra,Lips,Rose
Alexandra,Lips,Ruby Red
Alexandra,Lips,Sunset
Alexandra,Lips,Virgin
Alexandra,Lips,Women’s Secret
Alexandra,Areola/Skin,Skin 1
Alexandra,Areola/Skin,Skin 3
Alexandra,Areola/Skin,Skin 5
Alexandra,Areola/Skin,Skin 7
Alexandra,Modifiers,Australia
Alexandra,Modifiers,Desert
Alexandra,Modifiers,Morello
Alexandra,Modifiers,Orange Passion
Alexandra,Modifiers,Skin Orange
Alexandra,Modifiers,Sun
Alexandra,Modifiers,White
Biotouch,Brows,Brown
Biotouch,Brows,Brunette
Biotouch,Brows,Chocolate Brown
Biotouch,Brows,Dark Brown
Biotouch,Brows,Dark Chocolate
Biotouch,Brows,Gray
Biotouch,Brows,Light Brown
Biotouch,Brows,Medium Ash
Biotouch,Brows,Milk Chocolate
Biotouch,Brows,Mud Pie
Biotouch,Brows,Olive
Biotouch,Brows,Taupe
Biotouch,Brows,Tea Leaf
Biotouch,Brows,Toffee
Biotouch,Eyeliner,Always Black
Biotouch,Eyeliner,Black
Biotouch,Eyeliner,Blue
Biotouch,Eyeliner,Chocolate Brown
Biotouch,Eyeliner,Dark Brown
Biotouch,Eyeliner,Dark Chocolate
Biotouch,Eyeliner,Gray
Biotouch,Eyeliner,Green
Biotouch,Eyeliner,Jet Black
Biotouch,Eyeliner,Wet Black
Biotouch,Lips,Apple Red
Biotouch,Lips,Bright Red
Biotouch,Lips,Burgundy
Biotouch,Lips,Cherry
Biotouch,Lips,Chicago Red
Biotouch,Lips,Dark Red
Biotouch,Lips,Earthy Red
Biotouch,Lips,Flamingo
Biotouch,Lips,Japanese Red
Biotouch,Lips,Orange
Biotouch,Lips,Pink Brick
Biotouch,Lips,Pink Mauve
Biotouch,Lips,Red
Biotouch,Lips,Red Wine
Biotouch,Lips,Rose Pink
Biotouch,Lips,Rose Red
Biotouch,Lips,Rosewood
Biotouch,Lips,Sunset
Biotouch,Areola/Skin,Beige
Biotouch,Areola/Skin,Coffee
Biotouch,Areola/Skin,Magic Color
Biotouch,Areola/Skin,Mushroom
Biotouch,Areola/Skin,Nude
Biotouch,Areola/Skin,Pink Brick
Biotouch,Areola/Skin,Rose
Biotouch,Areola/Skin,Rosewood
Biotouch,Areola/Skin,Taupe
Biotouch,Areola/Skin,Tea Leaf
Biotouch,Modifiers/Correctors,Always Black
Biotouch,Modifiers/Correctors,Blue Eyebrow Corrector
Biotouch,Modifiers/Correctors,Blue Lip Corrector
Biotouch,Modifiers/Correctors,Chicago Red
Biotouch,Modifiers/Correctors,Lime
Biotouch,Modifiers/Correctors,Magic Color
Biotouch,Modifiers/Correctors,Medium Ash
Biotouch,Modifiers/Correctors,Mushroom
Biotouch,Modifiers/Correctors,Olive
Biotouch,Modifiers/Correctors,Olive Drab
Biotouch,Modifiers/Correctors,Orange
Biotouch,Modifiers/Correctors,Pink Brick
Biotouch,Modifiers/Correctors,Purple Eyebrow Corrector
Biotouch,Modifiers/Correctors,Yellow
Biotouch,Modifiers/Correctors,White
Deluxe,Brows,Almond
Deluxe,Brows,Caramel
Deluxe,Brows,Chocolate
Deluxe,Brows,Dark Cocoa
Deluxe,Brows,Dark Chocolate
Deluxe,Brows,Dark Maple
Deluxe,Modifiers,Cool Down
Deluxe,Modifiers,Diluent
Deluxe,Modifiers,Warm Up
Everlasting,Brows,Alek
Everlasting,Brows,Amber
Everlasting,Brows,Ashley
Everlasting,Brows,Gisele
Everlasting,Brows,Julianne
Everlasting,Brows,Kim
Everlasting,Brows,Lindsey
Everlasting,Brows,Naomi
Everlasting,Brows,Nicole
Everlasting,Brows,Rihanna
Everlasting,Brows,Salma
Everlasting,Brows,Tamara
Everlasting,Lips,Burberry
Everlasting,Lips,Chanel
Everlasting,Lips,Dior
Everlasting,Lips,Ferragamo
Everlasting,Lips,Furla
Everlasting,Lips,Hermes
Everlasting,Lips,McQueen
Everlasting,Lips,Miu Miu
Everlasting,Lips,Moschino
Everlasting,Lips,Mulberry
Everlasting,Lips,Prada
Everlasting,Lips,Pucci
Everlasting,Lips,Valentino
Everlasting,Lips,Yaya
Everlasting,Lips,YSL
Eye Design,Brows,Black
Eye Design,Brows,Cappuccino
Eye Design,Brows,Caramel
Eye Design,Brows,Chocolate
Eye Design,Brows,Coffee
Eye Design,Brows,Dark Chocolate
Eye Design,Brows,Espresso
Eye Design,Modifiers,Ivory
Eye Design,Modifiers,Orange
Eye Design,Modifiers,Yellow
Li,Scalp,Dark Black
Li,Scalp,Darkest Brown
Li,Scalp,Coffee Bean
Li,Scalp,Tuscany Brown
Li,Scalp,Black Brown
Li,Scalp,Dark Brown
Li,Brows,Amber Blonde
Li,Brows,Auburn
Li,Brows,Autumn Gold
Li,Brows,Beautiful Blonde
Li,Brows,Breezy Blonde
Li,Brows,Brève
Li,Brows,Brown Café
Li,Brows,Brown Sugar
Li,Brows,Butter Scotch
Li,Brows,Cappuccino
Li,Brows,Caramel
Li,Brows,Chocolate Cognac
Li,Brows,Chocolate Truffle
Li,Brows,Classic Brown
Li,Brows,Cocoa
Li,Brows,Coffee Bean
Li,Brows,Cognac
Li,Brows,Cool Blonde
Li,Brows,Crème Latte
Li,Brows,Dark Taupe
Li,Brows,Dark Toffee
Li,Brows,Eboni Express
Li,Brows,Ebony Brown
Li,Brows,Eclipse
Li,Brows,Eskimo Gray
Li,Brows,Espresso
Li,Brows,Golden Blonde
Li,Brows,Golden Honey
Li,Brows,Golden Pecan
Li,Brows,Hazelnut
Li,Brows,Khaki
Li,Brows,Latte
Li,Brows,Light Blonde
Li,Brows,Medium Taupe
Li,Brows,Milk Chocolate
Li,Brows,Milk N’ Honey
Li,Brows,Mocha
Li,Brows,Mochaccino
Li,Brows,Navajo Brown
Li,Brows,Pecan
Li,Brows,Rich Brown
Li,Brows,Rum Raisin
Li,Brows,Sahara
Li,Brows,Sandalwood
Li,Brows,Silver Grey
Li,Brows,Taupe
Li,Brows,Teddy Bear Brown
Li,Brows,Tamarind
Li,Eyeliner,Amethyst
Li,Eyeliner,Black Diamond
Li,Eyeliner,Black Magic
Li,Eyeliner,Black Pearl
Li,Eyeliner,Charcoal
Li,Eyeliner,Ebony Black
Li,Eyeliner,Ebony Brown
Li,Eyeliner,Emerald Green
Li,Eyeliner,Espresso Brown
Li,Eyeliner,Halo Brown
Li,Eyeliner,Halo Denim
Li,Eyeliner,Halo Forest
Li,Eyeliner,Halo Khaki
Li,Eyeliner,Halo Taupe
Li,Eyeliner,Jet Black
Li,Eyeliner,Midnight Black
Li,Eyeliner,Onyx
Li,Eyeliner,Peacock
Li,Eyeliner,Royal Blue
Li,Eyeliner,Soft Black
Li,Eyeliner,Steel Gray
Li,Eyeliner,Ultra Black
Li,Lips,Autumn
Li,Lips,Brick Red
Li,Lips,Bubble Gum
Li,Lips,Candy Apple Red
Li,Lips,Cinnamon Toast
Li,Lips,Cranberry Craving
Li,Lips,Country Mauve
Li,Lips,Cupid Blush
Li,Lips,Darkenalf
Li,Lips,Fine Wine
Li,Lips,Hawaiian Punch
Li,Lips,Hot Pink
Li,Lips,Indian Earth
Li,Lips,Kiss of Red
Li,Lips,Luscious Raspberry
Li,Lips,Mango
Li,Lips,Mauve
Li,Lips,Mauve-Lous
Li,Lips,Montana Pink
Li,Lips,Natural
Li,Lips,Paprika
Li,Lips,Pink
Li,Lips,Pink Blossom
Li,Lips,Pink Coral Pop
Li,Lips,Pink Orchard
Li,Lips,Plum
Li,Lips,Raspberry Crème
Li,Lips,Red Hot
Li,Lips,Rose Petal
Li,Lips,Ruby Red
Li,Lips,Rustic Red
Li,Lips,Sedona
Li,Lips,Sienna
Li,Lips,Strawberries and Crème
Li,Lips,Sugared Rose
Li,Lips,Tabasco
Li,Lips,Toasted Coral
Li,Lips,Tuscanny Red
Li,Lips,Valentine Kiss
Li,Areola/Skin,Areola Base
Li,Areola/Skin,Barely Pink
Li,Areola/Skin,Beige Areola
Li,Areola/Skin,Berry Iced Tea Areola
Li,Areola/Skin,Blush Areola
Li,Areola/Skin,Brick Red
Li,Areola/Skin,Areola Base
Li,Areola/Skin,Areola Beige
Li,Areola/Skin,Areola Brown
Li,Areola/Skin,Café Cosmos
Li,Areola/Skin,Caramel Areola
Li,Areola/Skin,Cedar Spice
Li,Areola/Skin,Cinnamon Toast
Li,Areola/Skin,Dark Brown Areola
Li,Areola/Skin,Fine Wine
Li,Areola/Skin,Flesh Areola
Li,Areola/Skin,Highlight & Additive
Li,Areola/Skin,Honey Areola
Li,Areola/Skin,Honey Mustard
Li,Areola/Skin,Khaki
Li,Areola/Skin,Lemon Lime
Li,Areola/Skin,Light Brown
Li,Areola/Ski,Light Brown Areola
Li,Areola/Skin,Light Salmon Areola
Li,Areola/Skin,Mahogany
Li,Areola/Skin,Malibu Tan
Li,Areola/Skin,Maple Mocha Areola
Li,Areola/Skin,Mauve
Li,Areola/Skin,Medium Pink
Li,Areola/Skin,Medium Brown Areola
Li,Areola/Skin,Mocha Areola
Li,Areola/Skin,Natural Beige
Li,Areola/Skin,Nude Areola
Li,Areola/Skin,Old Rose Areola
Li,Areola/Skin,Pink
Li,Areola/Skin,Pink Sand Areola
Li,Areola/Skin,Rose Areola
Li,Areola/Skin,Rose Champagne
Li,Areola/Skin,Sand Areola
Li,Areola/Skin,Sky Grey
Li,Areola/Skin,Uptown Brown
Li,Modifiers,24 Carat Mod
Li,Modifiers,Anti-Grey
Li,Modifiers,Anti-Orange
Li,Modifiers,Anti-Violet
Li,Modifiers,Apricot
Li,Modifiers,Black Adder
Li,Modifiers,Blue Gone
Li,Modifiers,Brow Lightener
Li,Modifiers,Brow Mod
Li,Modifiers,Brow Warmup
Li,Modifiers,Caribbean Mod
Li,Modifiers,Copper
Li,Modifiers,Darken It!
Li,Modifiers,Desert Beige Mod
Li,Modifiers,Gray Gone
Li,Modifiers,Grey Vanish
Li,Modifiers,Lighten Up!
Li,Modifiers,Lip Corrector
Li,Modifiers,Neon Orange Mod
Li,Modifiers,Non-Violets
Li,Modifiers,Olive Mod
Li,Modifiers,Orange Gone
Li,Modifiers,Pecan
Li,Modifiers,Pumpkin
Li,Modifiers,Purple Gone
Li,Modifiers,Red Brown
Li,Modifiers,Red Gone
Li,Modifiers,Unblue
Li,Modifiers,Un-Gray
Li,Modifiers,Warm It!
Li,Modifiers,Yellow Gold Mod
Li,Modifiers,Yellow Olive
Phi,Brows,Black
Phi,Brows,Brown 1
Phi,Brows,Brown 2
Phi,Brows,Brown 3
Phi,Brows,Goldenbrown
Phi,Brows,Fox
Phi,Modifiers,Yellow
Phi,Modifiers,Red
Premier,Brows,Auburn
Premier,Brows,Ash Brown
Premier,Brows,Ash Brown Light
Premier,Brows,Ash Brown Dark
Premier,Brows,Ash Blonde Light
Premier,Brows,Beautiful Blonde
Premier,Brows,Beautiful Blonde Light
Premier,Brows,Beautiful Blonde Dark
Premier,Brows,Beautiful Brown
Premier,Brows,Beautiful Brown Light
Premier,Brows,Beautiful Brown Dark
Premier,Brows,Black
Premier,Brows,Black Brown
Premier,Brows,Black Black Brown
Premier,Brows,Black Chestnut
Premier,Brows,Black Russet
Premier,Brows,Blonde
Premier,Brows,Bold Blonde
Premier,Brows,Brown
Premier,Brows,Brown Taupe
Premier,Brows,Brown Tint
Premier,Brows,Burnt Siena
Premier,Brows,Champagne
Premier,Brows,Chocolate Caramel
Premier,Brows,Chocolate Cherry
Premier,Brows,Cocoa
Premier,Brows,Dark Brown
Premier,Brows,Dark Brown Soft
Premier,Brows,Dark Brown Taupe
Premier,Brows,Dark Brown Tint
Premier,Brows,Dark Blonde Honey
Premier,Brows,Dark Sienna
Premier,Brows,Dark Walnut
Premier,Brows,Dirty Blonde
Premier,Brows,Ebony
Premier,Brows,Ebony Dark
Premier,Brows,Espresso
Premier,Brows,Fawn
Premier,Brows,Golden Russet
Premier,Brows,Golden Russet Light
Premier,Brows,Golden Russet Dark
Premier,Brows,Golden Sunrise
Premier,Brows,Gorgeous Gray
Premier,Brows,Gorgeous Gray Light
Premier,Brows,Light Brown
Premier,Brows,Light Brown Soft
Premier,Brows,Light Brown Tint
Premier,Brows,Light Brown Warm
Premier,Brows,Light Dusk
Premier,Brows,Mahogany
Premier,Brows,Mahogany Light
Premier,Brows,Mahogany Dark
Premier,Brows,Medium Brown
Premier,Brows,Medium Brown Soft
Premier,Brows,Perfect Taupe
Premier,Brows,Platinum Blonde
Premier,Brows,Platinum Blonde Dark
Premier,Brows,Redhead’s Revenge
Premier,Brows,Russet
Premier,Brows,Sexy Strawberry Blonde
Premier,Brows,Sienna Suede
Premier,Brows,Soft Black
Premier,Brows,Soft Brunette
Premier,Brows,Soft Taupe
Premier,Brows,Taupe
Premier,Brows,Warm Black
Premier,Eyeliner,Amazing Aqua
Premier,Eyeliner,Beautiful Black
Premier,Eyeliner,Beyond Black
Premier,Eyeliner,Chocolate Mousse
Premier,Eyeliner,Dark Brown
Premier,Eyeliner,Electric Teal
Premier,Brows,French White
Premier,Eyeliner,Jazzy Jade
Premier,Eyeliner,Jet Black
Premier,Eyeliner,Pacific Blue
Premier,Eyeliner,Plum Purple
Premier,Eyeliner,Powerful Periwinkle
Premier,Eyeliner,Shamrock
Premier,Eyeliner,Slightly Silver
Premier,Brows,Tuxedo Black
Premier,Lips,Antique Peach
Premier,Lips,Antique Rose
Premier,Lips,Bashful Burgundy
Premier,Lips,Bouquet
Premier,Lips,Brown Sugar
Premier,Lips,Charming Cherry
Premier,Lips,Chinese Red
Premier,Lips,Cinnamon Cider
Premier,Lips,Daiquiri
Premier,Lips,Flashy Fuchsia
Premier,Lips,Hot Pink
Premier,Lips,Mauvelicious
Premier,Lips,Naked
Premier,Lips,Praline
Premier,Lips,Previous
Premier,Lips,Pure Papaya
Premier,Lips,Radiant Rose
Premier,Lips,Red Blaze
Premier,Lips,Red Hot
Premier,Lips,Red Rivera
Premier,Lips,Royal Ruby
Premier,Lips,Rootbeer
Premier,Lips,Rustic Ruby
Premier,Lips,Spiced Sherry
Premier,Lips,Spicy Coral
Premier,Lips,Tempting Terra
Premier,Lips,Terra Mauve
Premier,Lips,Tickled Pink
Premier,Areola/Skin,Areola 1
Premier,Areola/Skin,Areola 2
Premier,Areola/Skin,Areola 3
Premier,Areola/Skin,Areola 4
Premier,Areola/Skin,Areola 5
Premier,Areola/Skin,Areola 6
Premier,Areola/Skin,Areola 7
Premier,Areola/Skin,Areola 8
Premier,Areola/Skin,Ash Brun
Premier,Areola/Skin,Ash Brun Dark
Premier,Areola/Skin,Aztec
Premier,Areola/Skin,Brilliant Bordeaux
Premier,Areola/Skin,Daiquiri
Premier,Areola/Skin,Dark Mahogany
Premier,Areola/Skin,Light Aztec
Premier,Areola/Skin,Light Beige
Premier,Areola/Skin,Midnight Mocha
Premier,Areola/Skin,Mongolian Sunrise
Premier,Areola/Skin,Natural Beige
Premier,Areola/Skin,Navajo Mauve
Premier,Areola/Skin,Noir
Premier,Areola/Skin,Noir Light
Premier,Areola/Skin,Platinum
Premier,Areola/Skin,Platinum Dark
Premier,Areola/Skin,Sepia
Premier,Areola/Skin,Sepia Light
Premier,Areola/Skin,Sepia Dark
Premier,Areola/Skin,Soft Porcelain
Premier,Areola/Skin,Soft Shell
Premier,Areola/Skin,Suntan
Premier,Areola/Skin,Thai Ruby
Premier,Areola/Skin,Tiawood
Premier,Modifiers,Blonde Modifier
Premier,Modifiers,Blue Brow Corrector
Premier,Modifiers,Brow Lightener
Premier,Modifiers,Brown Toner
Premier,Modifiers,Dark Brown Modifier
Premier,Modifiers,Light Brown Modifier
Premier,Modifiers,Light Brown Toner
Premier,Modifiers,Medium Brown Modifier
Premier,Modifiers,Medium Brown Toner
Premier,Modifiers,Pink Brow Corrector
Premier,Modifiers,Warm Black Modifier
Premier,Modifiers,Warm Black Toner
Premier,Modifiers,Warm Up #2
Premier,Modifiers,Warm Up #3
Premier,Modifiers,Warm Up #4
True Colors,Brows,Butter Toffee
True Colors,Brows,Carbona
True Colors,Brows,Champagne
True Colors,Brows,Chocolate Truffle
True Colors,Brows,Cinnamon
True Colors,Brows,Clove
True Colors,Brows,Creme Brulee
True Colors,Brows,Dark Molasses
True Colors,Brows,Dark Roast
True Colors,Brows,Deep Amber
True Colors,Brows,Deep Bourbon
True Colors,Brows,Gingersnap
True Colors,Brows,Golden Honey
True Colors,Brows,Irish Cream
True Colors,Brows,Kahlua
True Colors,Brows,Sabia
True Colors,Brows,Soft Suede
True Colors,Brows,Spiced Rum
True Colors,Brows,Toasted Almond
True Colors,Eyeliner,Cafe Noir
True Colors,Eyeliner,Noir
True Colors,Eyeliner,Storm
True Colors,Eyeliner,Wicked
True Colors,Areola/Skin,Areola 1
True Colors,Areola/Skin,Areola 2
True Colors,Areola/Skin,Areola 3
True Colors,Areola/Skin,Areola 4
True Colors,Areola/Skin,Areola 5
True Colors,Areola/Skin,Areola 6
True Colors,Modifiers,Cool Down
True Colors,Modifiers,Dilution
True Colors,Modifiers,Dijon
True Colors,Modifiers,Desert Sand
True Colors,Modifiers,Orange Glow
True Colors,Modifiers,Warm Spice
World Microblading,Brows,Brown Black
World Microblading,Brows,Dark Blonde
World Microblading,Brows,Dark Brown
World Microblading,Brows,Light Blonde
World Microblading,Brows,Light Blonde
World Microblading,Brows,Medium Brown
World Microblading,Brows,Smoky Dark Brown
World Microblading,Brows,Universal Brown
World Microblading,Modifiers,Soft Warmer
World Microblading,Modifiers,Strong Warmer
World Microblading,Modifiers,Diluter
Eternal Ink,Blacks,Lining Black
Eternal Ink,Blacks,Triple Black
Eternal Ink,Grays,Gray
Eternal Ink,Reds,Deep Red
Eternal Ink,Reds,Dark Red
Eternal Ink,Reds,Light Red
Eternal Ink,Oranges,Orange
Eternal Ink,Oranges,Bright Orange
Eternal Ink,Pinks,Tangerine
Eternal Ink,Yellows,Golden Yellow
Eternal Ink,Yellows,Bright Yellow
Eternal Ink,Blues,Blue Concentrate
Eternal Ink,Blues,True Blue
Eternal Ink,Blues,Sky Blue
Eternal Ink,Purples,Purple Concentrate
Eternal Ink,Purples,Dark Purple
Eternal Ink,Purples,Light Purple
Eternal Ink,Greens,Green Concentrate
Eternal Ink,Greens,Grass Green
Eternal Ink,Greens,Lime Green
Eternal Ink,Greens,Mint Green
Eternal Ink,Turquoises,Turquoise
Eternal Ink,Pinks,Pink
Eternal Ink,Pinks,Hot Pink
Eternal Ink,Browns,Dark Brown
Eternal Ink,Browns,Brown
Eternal Ink,Fleshes,Flesh Tone
Eternal Ink,Blue,Dark Cobalt
Eternal Ink,Purples,Plum
Eternal Ink,Greens,Olive
Eternal Ink,Whites,White
Eternal Ink,Oranges,Georgia Peach
Eternal Ink,Greens,Graffiti Green
Eternal Ink,Purples,Wild Orchid
Eternal Ink,Purples,Magenta
Eternal Ink,Pinks,Light Magenta
Eternal Ink,Browns,Ochre
Eternal Ink,Reds,Crimson Red
Eternal Ink,Greens,Nuclear Green
Eternal Ink,Yellows,Lightning Yellow
Eternal Ink,Reds,Lipstick Red
Eternal Ink,Greens,Avocado
Eternal Ink,Pinks,Dusty Rose
Eternal Ink,Browns,Caramel
Eternal Ink,Greens,Spearmint
Eternal Ink,Greens,Jungle Green
Eternal Ink,Blues,Peacock Blue
Eternal Ink,Blues,Periwinkle
Eternal Ink,Yellows,Sunflower
Eternal Ink,Purples,Lavender
Eternal Ink,Oranges,True Gold
Eternal Ink,Blues,Robin Egg
Eternal Ink,Turquoises,Tropical Teal
Eternal Ink,Greens,Honeydew
Eternal Ink,Purples,Smoke
Eternal Ink,Pinks,Cotton Candy
Eternal Ink,Greens,Seafoam
Eternal Ink,Browns,Cocoa Bean
Eternal Ink,Browns,Dark Ochre
Eternal Ink,Browns,Mudslide
Eternal Ink,Whites,White Knight
Eternal Ink,Yellows,Bumble Bee
Eternal Ink,Reds,Ruby Red
Eternal Ink,Blues,Bermuda Blue
Eternal Ink,Oranges,Solid Gold
Eternal Ink,Whites,Ivory
Eternal Ink,Greens,Dirty Money
Eternal Ink,Greens,Green Slime
Eternal Ink,Browns,Mocha
Eternal Ink,Browns,Hot Chocolate
Eternal Ink,Oranges,Salmon
Eternal Ink,Oranges,Burnt Orange
Eternal Ink,Blues,Slate Blue
Eternal Ink,Blues,Baby Blue
Eternal Ink,Blues,Dusty Blue
Eternal Ink,Fleshes,Peachy Flesh
Eternal Ink,Grays,Clay Gray
Eternal Ink,Purples,Old Orchid
Eternal Ink,Purples,Dried Blood
Eternal Ink,Reds,Undead Red
Eternal Ink,Browns,Freshly Dead
Eternal Ink,Blues,Rigor Mortis
Eternal Ink,Browns,Decomposed Skin
Eternal Ink,Browns,Infected Skin
Eternal Ink,Browns,Putrid Brown
Eternal Ink,Blues,Frostbite Blue
Eternal Ink,Greens,Gangrene
Eternal Ink,Browns,Plague Brown
Eternal Ink,Purples,Graveside Light
Eternal Ink,Purples,Graveside Dark
Eternal Ink,Browns,Almond
Eternal Ink,Browns,Sable
Eternal Ink,Browns,Rich Espresso
Eternal Ink,Purples,Enchanted Lilac
Eternal Ink,Purples,Wine Berry
Eternal Ink,Pinks,Sea Shell
Eternal Ink,Pinks,Rose Satin
Eternal Ink,Pinks,Papaya
Eternal Ink,Fleshes,Light Peach
Eternal Ink,Fleshes,Nude Blush
Eternal Ink,Fleshes,Spice
Eternal Ink,Oranges,Rust
Eternal Ink,Blacks,Blackbird
Eternal Ink,Grays,Bondo
Eternal Ink,Blues,Exhaust
Eternal Ink,Blues,Galaxy Blue
Eternal Ink,Blues,GTO Teal
Eternal Ink,Greens,Classic Emerald
Eternal Ink,Greens,Roadrunnder Green
Eternal Ink,Oranges,Eternal Orange
Eternal Ink,Browns,Mudflap Brown
Eternal Ink,Reds,Vette Red
Eternal Ink,Reds,Rusty Red
Eternal Ink,Purples,Cuda Purple
Eternal Ink,Yellows,Yellow Stone
Eternal Ink,Oranges,True Gold
Eternal Ink,Oranges,California Orange
Eternal Ink,Reds,Red Cross
Eternal Ink,Browns,Mississippi Mud
Eternal Ink,Browns,Rawhide
Eternal Ink,Greens,Seven Seas
Eternal Ink,Greens,Green River
Eternal Ink,Greens,Georgia Pine
Eternal Ink,Blues,Blue Ribbon
Eternal Ink,Blues,Blue Ridge
Eternal Ink,Grays,Zane Gray
Eternal Ink,Turquoises,Aquamarine
Eternal Ink,Browns,Longhorn Brown
Eternal Ink,Yellows,Old Gold
Eternal Ink,Blues,Deep Sea
Eternal Ink,Grays,Bay Gray
Eternal Ink,Greens,Grape Leaf
Eternal Ink,Grays,Cold Steel
Eternal Ink,Greens,Coral Green
Eternal Ink,Pinks,Vivid Pink
Eternal Ink,Pinks,Flamingo Pink
Eternal Ink,Yellows,Harvest Gold
Eternal Ink,Blues,Snowflake
Eternal Ink,Purples,Imperial Violet
Eternal Ink,Purples,Red-Violet
Eternal Ink,Purples,Fuchsia
Eternal Ink,Purples,Antique Fuchsia
Eternal Ink,Purples,Mulberry
Eternal Ink,Pinks,Electric Raspberry
Eternal Ink,Pinks,Pepto Pink
Eternal Ink,Greens,Forest
Eternal Ink,Greens,Shamrock
Eternal Ink,Greens,Granny Smith Green
Eternal Ink,Greens,Sage
Eternal Ink,Greens,Jade
Eternal Ink,Grays,Moon Dust
Eternal Ink,Oranges,Jupiter
Eternal Ink,Yellows,Solar Flare
Eternal Ink,Greens,Aurora
Eternal Ink,Greens,Ectoplasm
Eternal Ink,Greens,Equinox
Eternal Ink,Blues,Solstice
Eternal Ink,Purples,Twilight
Eternal Ink,Purples,Zero Gravity
Eternal Ink,Purples,Nova
Eternal Ink,Purples,Nebula
Eternal Ink,Pinks,Cosmos
Eternal Ink,Turquoises,Rich Turquoise
Eternal Ink,Whites,Off White
Eternal Ink,Purples,Warm Light Gray
Eternal Ink,Purples,Warm Medium Gray
Eternal Ink,Purples,Warm Dark Gray
Eternal Ink,Fleshes,Rich Medium Flesh
Eternal Ink,Fleshes,Rich Dark Flesh
Eternal Ink,Blues,Cool Light Gray
Eternal Ink,Blues,Cool Medium Gray
Eternal Ink,Blues,Cool Dark Gray
Eternal Ink,Blacks,Perfect Black
Eternal Ink,Whites,Perfect White
Eternal Ink,Blacks,Ninja Black
Eternal Ink,Yellows,Lantern Yellow
Eternal Ink,Browns,Incense Brown
Eternal Ink,Yellows,Buddha Gold
Eternal Ink,Whites,Silk White
Eternal Ink,Reds,Tibetan Red
Eternal Ink,Reds,Daruma Red
Eternal Ink,Reds,Rising Red
Eternal Ink,Oranges,Chrysanthemum Orange
Eternal Ink,Oranges,Momo Peach
Eternal Ink,Purples,Peony Purple
Eternal Ink,Purples,Lotus Tip
Eternal Ink,Pinks,Geisha Pink
Eternal Ink,Pinks,Sakura Pink
Eternal Ink,Greens,Green Dragon
Eternal Ink,Greens,Imperial Jade
Eternal Ink,Blues,Indigo Dye
Eternal Ink,Purples,Han Purple
Eternal Ink,Blues,Fuji Blue
Eternal Ink,Blues,Immovable Dark
Eternal Ink,Blues,Immovable Medium
Eternal Ink,Blues,Immovable Light
Eternal Ink,Fleshes,Fair Maiden
Eternal Ink,Fleshes,Cream & Sugar
Eternal Ink,Browns,Weathered Leather
Eternal Ink,Browns,Flesh to Death
Eternal Ink,Browns,Whiskey Barrel
Eternal Ink,Browns,Aged Parchment
Eternal Ink,Pinks,Plush Blush
Eternal Ink,Browns,Moulin Rouge
Eternal Ink,Browns,Renaissance
Eternal Ink,Reds,Dirty Scarlet
Eternal Ink,Browns,Bruised Ego
Eternal Ink,Browns,Caffeine Rush
Eternal Ink,Browns,Natural Fawn
Eternal Ink,Browns,Bright Fawn
Eternal Ink,Browns,Sandy Beige
Eternal Ink,Browns,Warm Beige
Eternal Ink,Pinks,Pale Mauve
Eternal Ink,Reds,Dusky Mauve
Eternal Ink,Browns,Light Chestnut
Eternal Ink,Browns,Medium Chestnut
Eternal Ink,Browns,Dark Chestnut
Eternal Ink,Grays,Sepia Light
Eternal Ink,Browns,Sepia Medium
Eternal Ink,Browns,Sepia Dark
Eternal Ink,Browns,Sepia Shade
Eternal Ink,Reds,Vintage Wine
Eternal Ink,Reds,Port Wine
Eternal Ink,Yellows,Sunstroke
Eternal Ink,Oranges,Sandstone
Eternal Ink,Oranges,Terracotta
Eternal Ink,Blues,Southwest Blue
Eternal Ink,Blacks,Marshall Bennett Light Gray Wash
Eternal Ink,Blacks,Marshall Bennett Medium Gray Wash
Eternal Ink,Blacks,Marshall Bennett Dark Gray Wash
Eternal Ink,Blacks,Marshall Bennett Darker Gray Wash
Eternal Ink,Blacks,Marshall Bennett Darkest Gray Wash
Eternal Ink,Whites,Marshall Bennett White Knight
Eternal Ink,Blacks,Marshall Bennett Lining Black
Eternal Ink,Blacks,Light Gray Wash
Eternal Ink,Blacks,Medium Gray Wash
Eternal Ink,Blacks,Dark Gray Wash
Eternal Ink,Blacks,Darker Gray Wash
Eternal Ink,Blacks,Darkest Gray Wash
Eternal Ink,Blacks,Big Meas Lining Black
Eternal Ink,Blacks,Big Meas Drop Shadow Black
Eternal Ink,Grays,20% Neutral Gray
Eternal Ink,Grays,40% Neutral Gray
Eternal Ink,Grays,60% Neutral Gray
Eternal Ink,Grays,80% Neutral Gray
INTENZE,Blacks,True Black
INTENZE,Blacks,Lining Black
INTENZE,Blacks,Gray Wash Dark
INTENZE,Blacks,Gray Wash Medium
INTENZE,Blacks,Gray Wash Light
INTENZE,Blacks,Sumi Wash
INTENZE,Blacks,Bowery Black
INTENZE,Blacks,Black Sumi
INTENZE,Blacks,Dark Gray Sumi
INTENZE,Blacks,Light Gray Sumi
INTENZE,Blacks,Zuper Black
INTENZE,Blacks,Bob Tyrrell Dark Tone
INTENZE,Blacks,Bob Tyrrell Medium Tone
INTENZE,Blacks,Bob Tyrrell Light Tone
INTENZE,Blacks,Bob Tyrrell Dimension Black
INTENZE,Blacks,Bob Tyrrell Sculpting Black
INTENZE,Blacks,Suluape Black
INTENZE,Blacks,Gangster Grey Let There Be Light
INTENZE,Blacks,Gangster Grey Extra Medium
INTENZE,Blacks,Gangster Grey Dark And Lovely
INTENZE,Blacks,Gangster Grey Black Velvet
INTENZE,Blacks,Andy's True Black
INTENZE,Blacks,Andy's Shading Black
INTENZE,Blacks,Andy's Grey Wash Black
INTENZE,Blacks,Formula 23
INTENZE,Blacks,Formula 23 Dark Grey
INTENZE,Blacks,Formula 23 Medium Grey
INTENZE,Blacks,Formula 23 Light Grey
INTENZE,Blacks,Randy Engelhard #1
INTENZE,Blues,Mario's Blue
INTENZE,Blues,Mario's Light Blue
INTENZE,Blues,Bahama Blue
INTENZE,Blues,Baby Blue
INTENZE,Blues,Periwinkle
INTENZE,Blues,Blue Sky
INTENZE,Blues,Aquamarine
INTENZE,Blues,Teal
INTENZE,Blues,Dragon Blue Dark
INTENZE,Blues,Dragon Turquoise
INTENZE,Blues,Earth
INTENZE,Blues,Royal Blue
INTENZE,Blues,Tyler Blue
INTENZE,Blues,Dodger Blue
INTENZE,Blues,Persian Blue
INTENZE,Blues,Deep Indigo
INTENZE,Blues,Bowery Blue
INTENZE,Blues,Midnight
INTENZE,Blues,Swimming Pool
INTENZE,Blues,Ocean Blue
INTENZE,Blues,Aquarium
INTENZE,Blues,Aqua
INTENZE,Blues,Lining Blue Dark
INTENZE,Blues,Lining Blue Light
INTENZE,Blues,Mystique
INTENZE,Browns,Dark Brown
INTENZE,Browns,Light Brown
INTENZE,Browns,Dark Chocolate
INTENZE,Browns,Medium Brown
INTENZE,Browns,Sienna
INTENZE,Browns,CoCo
INTENZE,Browns,Desert Sand Light
INTENZE,Browns,Desert Sand Medium
INTENZE,Browns,Desert Sand Dark
INTENZE,Browns,Ochre
INTENZE,Browns,Auburn
INTENZE,Browns,Milk Chocolate
INTENZE,Browns,Rusty Brown
INTENZE,Browns,Bowery Brown
INTENZE,Browns,Raw Umber Light
INTENZE,Browns,Ginger
INTENZE,Browns,Chestnut
INTENZE,Browns,Sand
INTENZE,Browns,Clay
INTENZE,Browns,Raw Umber
INTENZE,Browns,Mocha
INTENZE,Browns,Dirty Beige
INTENZE,Browns,Kakao
INTENZE,Browns,Bark Brown
INTENZE,Browns,Lining Brown Dark
INTENZE,Browns,Lining Brown Light
INTENZE,Browns,Alex de Pase Tufo
INTENZE,Browns,Alex de Pase Pelle
INTENZE,Browns,Alex de Pase Ombra
INTENZE,Browns,Skin Tone Natural Dark
INTENZE,Browns,Skin Tone Natural Medium
INTENZE,Browns,Skin Tone Natural Light
INTENZE,Browns,Skin Tone Natural Extra Light
INTENZE,Browns,Randy Engelhard #2
INTENZE,Browns,Randy Engelhard #5
INTENZE,Browns,Randy Engelhard #6
INTENZE,Browns,Randy Engelhard #7
INTENZE,Browns,Randy Engelhard #13
INTENZE,Browns,Randy Engelhard #15
INTENZE,Browns,Randy Engelhard #20
INTENZE,Browns,Randy Engelhard #21
INTENZE,Browns,Randy Engelhard #22
INTENZE,Browns,Randy Engelhard #23
INTENZE,Browns,Randy Engelhard #25
INTENZE,Browns,Butter Beer
INTENZE,Greens,Light Green
INTENZE,Greens,Dark Green
INTENZE,Greens,Sea Foam Green
INTENZE,Greens,Hunter Green
INTENZE,Greens,Dragon Green
INTENZE,Greens,Grasshopper Green
INTENZE,Greens,Lime Green
INTENZE,Greens,Dragon Green Light
INTENZE,Greens,Dragon Green Dark
INTENZE,Greens,Army Green
INTENZE,Greens,Mud Green
INTENZE,Greens,Midnight Green
INTENZE,Greens,Will's Olive
INTENZE,Greens,Soldier Green
INTENZE,Greens,Bowery Green
INTENZE,Greens,Bowery Irish Green
INTENZE,Greens,Olive
INTENZE,Greens,Swamp Green
INTENZE,Greens,Moss
INTENZE,Greens,Lining Green
INTENZE,Greens,Flo's Green
INTENZE,Greens,Mint
INTENZE,Greens,Mint In Package
INTENZE,Greens,Cowabunga
INTENZE,Oranges,Soft Orange
INTENZE,Oranges,Hard Orange
INTENZE,Oranges,Creamsicle
INTENZE,Oranges,Peach
INTENZE,Oranges,Bright Orange
INTENZE,Oranges,Flesh
INTENZE,Oranges,Sunburn
INTENZE,Oranges,Fleshpot
INTENZE,Oranges,Tangerine
INTENZE,Oranges,Papaya
INTENZE,Oranges,Dark Salmon
INTENZE,Oranges,Sweet Candy
INTENZE,Oranges,Patty's Orange
INTENZE,Oranges,Sunset
INTENZE,Oranges,Salmon
INTENZE,Oranges,Rubber Doll
INTENZE,Oranges,Maroon Honey
INTENZE,Oranges,Alex de Pase Mattone
INTENZE,Oranges,Randy Engelhard #11
INTENZE,Oranges,Randy Engelhard #14
INTENZE,Oranges,Randy Engelhard #16
INTENZE,Oranges,Velma Orange
INTENZE,Oranges,Garbage Pale Skin
INTENZE,Pinks,Rose Pink
INTENZE,Pinks,Carol's Pink
INTENZE,Pinks,Lollipop
INTENZE,Pinks,Fuschia
INTENZE,Pinks,Pink Panther
INTENZE,Pinks,Liliom
INTENZE,Pinks,Flower Child
INTENZE,Pinks,Randy Engelhard #12
INTENZE,Pinks,I Don't Care Bear
INTENZE,Purples,True Magenta
INTENZE,Purples,Light Magenta
INTENZE,Purples,Light Purple
INTENZE,Purples,Dark Purple
INTENZE,Purples,Lavender
INTENZE,Purples,Koolaid
INTENZE,Purples,Grape
INTENZE,Purples,Lining Purple
INTENZE,Purples,Lining Magenta
INTENZE,Purples,Alex de Pase Magenta
INTENZE,Purples,Dark Plum
INTENZE,Purples,Plum
INTENZE,Purples,Randy Engelhard #19
INTENZE,Purples,My Lil' Bronie
INTENZE,Purples,Why So Seriously Purple?
INTENZE,Reds,Bright Red
INTENZE,Reds,Dark Red
INTENZE,Reds,Cherry Bomb
INTENZE,Reds,Dragon Red
INTENZE,Reds,Raspberry
INTENZE,Reds,American Rose
INTENZE,Reds,Red Cherry
INTENZE,Reds,Ruby Red
INTENZE,Reds,Bowery Red
INTENZE,Reds,Black Cherry
INTENZE,Reds,Coral
INTENZE,Reds,Sangria
INTENZE,Reds,Red Cloud
INTENZE,Reds,Persian Red
INTENZE,Reds,Monocle
INTENZE,Reds,Maroon
INTENZE,Reds,Bulls Blood
INTENZE,Reds,Lining Red Dark
INTENZE,Reds,Lining Red Light
INTENZE,Reds,Alex de Pase Terra Di Sienna
INTENZE,Reds,Skin Tone Red Dark
INTENZE,Reds,Skin Tone Red Medium
INTENZE,Reds,Skin Tone Red Light
INTENZE,Reds,Skin Tone Flesh Dark
INTENZE,Reds,Skin Tone Flesh Medium
INTENZE,Reds,Skin Tone Flesh Light
INTENZE,Reds,Weibi's Red
INTENZE,Reds,Randy Engelhard #3
INTENZE,Reds,Randy Engelhard #4
INTENZE,Reds,Randy Engelhard #8
INTENZE,Reds,Randy Engelhard #9
INTENZE,Reds,Randy Engelhard #10
INTENZE,Reds,The Walking Red
INTENZE,Silvers,Platinum
INTENZE,Silvers,Silver
INTENZE,Silvers,Blue Silver
INTENZE,Silvers,Purple Silver
INTENZE,Silvers,Titanium Silver
INTENZE,Silvers,Steel
INTENZE,Silvers,Randy Engelhard #17
INTENZE,Silvers,Randy Engelhard #18
INTENZE,Silvers,Cloud City
INTENZE,Whites,Snow White Opaque
INTENZE,Whites,Snow White Mixing
INTENZE,Whites,Bowery White
INTENZE,Whites,Bob Tyrrell High White
INTENZE,Whites,Gangster Grey White Silk
INTENZE,Whites,Randy Engelhard #26
INTENZE,Yellows,Lemon Yellow
INTENZE,Yellows,Golden Yellow
INTENZE,Yellows,Banana Cream
INTENZE,Yellows,Bamboo
INTENZE,Yellows,Mustard
INTENZE,Yellows,Dragon Yellow
INTENZE,Yellows,Golden Rod
INTENZE,Yellows,Bowery Yellow
INTENZE,Yellows,Yellow Orchid
INTENZE,Yellows,Dijon
INTENZE,Yellows,In The Spring
INTENZE,Yellows,Egg Shell
INTENZE,Yellows,Bright Sunshine
INTENZE,Yellows,Lining Yellow
INTENZE,Yellows,Chartreuse
INTENZE,Yellows,Randy Engelhard #24
INTENZE,Yellows,Springfield Yellow
Fusion,Fleshes,Light Flesh
Fusion,Fleshes,Foundation Flesh
Fusion,Fleshes,Dark Flesh
Fusion,Pinks,Bubble Gum Pink
Fusion,Pinks,Magenta
Fusion,Pinks,Flaming Pink
Fusion,Pinks,Saigon Pink
Fusion,Pinks,Dark Magenta
Fusion,Reds,Really Red
Fusion,Reds,Melon Red
Fusion,Reds,True Blood Red
Fusion,Reds,Pomegranate
Fusion,Reds,Brick Red
Fusion,Oranges,Cantaloupe
Fusion,Oranges,Mandarin Orange
Fusion,Oranges,Orange
Fusion,Oranges,Tangelo
Fusion,Yellows,Mixing Yellow
Fusion,Yellows,Atomic Yellow
Fusion,Yellows,Golden Yellow
Fusion,Yellows,Hot Mustard
Fusion,Greens,Key Lime
Fusion,Greens,Gamma Green
Fusion,Greens,Artichoke
Fusion,Greens,Moss Green
Fusion,Greens,Leafy Green
Fusion,Greens,Emerald Green
Fusion,Greens,Power Green
Fusion,Turquoises,Cool Mint
Fusion,Turquoises,Tahitian Teal
Fusion,Turquoises,Turquoise
Fusion,Blues,Light Blue
Fusion,Blues,Icy Blue
Fusion,Blues,Periwinkle
Fusion,Blues,Royal Blue
Fusion,Blues,Power Blue
Fusion,Purples,Wild Lavender
Fusion,Purples,Pretty Purple
Fusion,Purples,Power Purple
Fusion,Purples,Deep Purple
Fusion,Browns,Butterscotch
Fusion,Browns,Raw Sienna
Fusion,Browns,Burnt Sienna
Fusion,Browns,Brown
Fusion,Browns,Power Brown
Fusion,Blacks,Power Black
Fusion,Blacks,Basic Black
Fusion,Greys,Bomber Grey
Fusion,Whites,Mixing White
Fusion,Whites,White
Starbrite,Pinks,Bubblegum Pink
Starbrite,Pinks,Raspberry
Starbrite,Reds,Light Red
Starbrite,Reds,Crimson Red
Starbrite,Reds,Scarlet Red
Starbrite,Reds,Deep Magenta
Starbrite,Reds,Deep Maroon
Starbrite,Oranges,Mango
Starbrite,Oranges,Bright Orange
Starbrite,Oranges,Beer Gold
Starbrite,Yellows,Canary Yellow
Starbrite,Yellows,Golden Yellow
Starbrite,Yellows,Yellow Ochre
Starbrite,Greens,Lime Green
Starbrite,Greens,Rainforest Green
Starbrite,Greens,Jade Green
Starbrite,Greens,True Green
Starbrite,Greens,Deep Green
Starbrite,Turquoises,Teal
Starbrite,Turquoises,Deep Turquoise 
Starbrite,Turquoises,Steel Blue
Starbrite,Blues,Powder Blue
Starbrite,Blues,Country Blue
Starbrite,Blues,Midnight Blue
Starbrite,Blues,Royal Blue
Starbrite,Blues,Deep Blue
Starbrite,Purples,Lavender
Starbrite,Purples,Grape Ape
Starbrite,Purples,Deep Purple
Starbrite,Purples,Deep Violet
Starbrite,Purples,Deep Burgundy
Starbrite,Browns,Buckskin Tan
Starbrite,Browns,Venetian Brown
Starbrite,Browns,Chocolate Brown
Starbrite,Blacks,Black Outline
Starbrite,Blacks,Triple Black
Starbrite,Blacks,Alley Cat Black
Starbrite,Blacks,Tribal Black
Starbrite,Greys,Battleship Gray
Starbrite,Whites,Bright White
