Configuration,Type,Size
Angled,Flexi,7
Angled,Flexi,9
Angled,Flexi,12
Angled,Flexi,14
Angled,Flexi,19
Angled,Hard,7
Angled,Hard,9
Angled,Hard,12
Angled,Hard,14
Angled,Hard,19
Round,Flexi,3
Round,Flexi,5
Round,Flexi,7
Round,Flexi,9
Round,Flexi,17
Round,Flexi,19
Round,Flexi,21
Round,Hard,3
Round,Hard,5
Round,Hard,7
Round,Hard,9
Round,Hard,17
Round,Hard,19
Round,Hard,21
Curved,Flexi,7
Curved,Flexi,9
Curved,Flexi,11
Curved,Flexi,12
Curved,Flexi,14
Curved,Flexi,16
Curved,Flexi,21
Curved,Hard,7
Curved,Hard,9
Curved,Hard,11
Curved,Hard,12
Curved,Hard,14
Curved,Hard,16
Curved,Hard,21
U-Blade,Flexi,14
U-Blade,Flexi,15
U-Blade,Flexi,16
U-Blade,Flexi,18
U-Blade,Flexi,21
U-Blade,Hard,14
U-Blade,Hard,15
U-Blade,Hard,16
U-Blade,Hard,18
U-Blade,Hard,21
Flat,Flexi,6
Flat,Flexi,7
Flat,Flexi,9
Flat,Flexi,12
Flat,Flexi,14
Flat,Flexi,15
Flat,Flexi,17
Flat,Flexi,19
Flat,Flexi,21
Flat,Hard,6
Flat,Hard,7
Flat,Hard,9
Flat,Hard,12
Flat,Hard,14
Flat,Hard,15
Flat,Hard,17
Flat,Hard,19
Flat,Hard,21
Ziz-Zag,Flexi,14
Zig-Zag,Hard,14

